id	text	T09
1860-11-21_advert_0401	To Farmers;;; -- Negro Shoes.--Farmers and others wanting Negro Shoes are invited to call at No. 93 Main street, where will be found the largest and best assortment ever offered in Richmond.;;; My assortment embraces, 2,000 pairs of heavy Sewed Brogans, of my own make; Men's Army Brogans; Men's high cut do., very thick, nailed with hob nails; Dane 's best thick pegged Brogans; Herrick 's best thick pegged Brogans; Planters' and Dutch Boots for women, together with all other grades, suitable for servants, men, women, and boys.;;; Farmers will do well to give me a call, at No. 93 Main st.;;; John C. Page Jr.	0.981248378753662
1860-12-07_advert_0341	To Farmers-- Negro Shoes.;;; --Farmers and others wanting Negro Shoes are invited to call at No. 93 Main street, where will be found the largest and best assortment ever offered in Richmond.;;; My assortment embraces, 2,000 pairs of heavy Sewed Brogans, of my own make; Men's Army Brogans; Men's high cut do., very thick, nailed with hob nails; Dane 's best thick pegged Brogans; Herrick 's best thick pegged Brogans; Planters' and Dutch Boots for women, together with all other grades, suitable for servants, men, women and boys.;;; Farmers will do well to give me a call, at No. 93 Main st.;;; John C. Page. Jr.	0.981248378753662
1860-11-01_advert_0322	To Farmers-- Negro Shoes;;; -- Farmers and others wanting Negro Shoes are invited to call at No. 93 Main street, where will be found the largest and best assortment ever offered in Richmond.;;; My assortment embraces, 2,000 pairs of heavy Sewed Brogans, of my own make; Men's Army Brogans; Men's high cut do., very thick, nailed with hob nails; Dane 's best thick pegged Brogans; Herrick 's best thick pegged Brogans; Planters' and Dutch, Boots for women, together with all other grades, suitable for servants, men, women and boys.;;; Farmers will do well to give me a call, at No. 93 Main st.;;; John C. Page Jr.	0.981248378753662
1860-11-12_advert_0377	To Farmers;;; -- Negro Shoes --Farmers and others wanting Negro Shoes are invited to call at No. 93 Main street, where will be found the largest and best assortment ever offered in Richmond.;;; My assortment embraces, 2.000 pairs of heavy Sewed Brogans, of my own make; Men's Army Brogans; Men's high cut do., very thick, nailed with hob nails; Dane 's best thick pegged Brogans; Herrick 's best thick pegged Brogans; Planters' and Dutch Boots for women, together with all other grades, suitable for servants, men, women and boys.;;; Farmers will do well to give me a call, at No. 93 Main st.;;; John C. Page Jr.	0.981248378753662
1860-11-13_advert_0236	To Farmers-- Negro Shoes.;;; --Farmers and others wanting Negro Shoes are invited to call at No. 93 Main street, where will be found the largest and best assortment ever offered in Richmond.;;; My assortment embraces, 2,000 pairs of heavy Sewed Brogans, of my own make; Men's Army Brogans; Men's high cut do., very thick, nailed with hob nails; Dane 's best thick pegged Brogans; Herrick 's best thick pegged Brogans; Planters' and Dutch Boots for women, together with all other grades, suitable for servants, men, women and boys.;;; Farmers will do well to give me a call at No. 93 Main st.;;; John C. Page. Jr.	0.981248378753662
1860-11-10_advert_0079	To Farmers -- Negro Shoes.;;; --Farmers and others wanting Negro Shoes are invited to call at No. 93 Main street, where will be found the largest and best assortment ever offered in Richmond.;;; My assortment embraces, 2000 pairs of heavy Sewed Brogans, of my own make; Men's Army Brogans; Men's high-cut do., very thick, nailed with hob nails; Dane 's best thick pegged Brogans; Herrick 's best thick pegged Brogans; Planters' and Dutch Boots for women, together with all other grades, suitable for servants, men, women and boys, Farmers will do well to give me a call, at No. 98 Main st.;;; John C. Page. Jr.	0.981248378753662
1860-11-05_advert_0474	To Farmers;;; -- Negro Shoes.--Farmers and others wanting Negro Shoes are invited to call at No. 93 Main street, where will be found the largest and best assortment ever offered in Richmond.;;; My assortment embraces, 2,000 pairs of heavy Sewed Brogans, of my own make; Men's Army Brogans; Men's high-cut do., very thick, nailed with hob nails; Dane 's best thick pegged Brogans; Herrick 's best thick pegged Brogans; Planters' and Dutch Boots for women, together with all other grades, suitable for servants, men, women and boys.;;; Farmers will do well to give me a call, at No, 93 Main st.;;; John C. Page. Jr.	0.981248378753662
1860-11-20_advert_0452	To Farmers-- Negro Shoes;;; --Farmers and others wanting Negro Shoes are invited to call at No. 93 Main street, where will be found the largest and best assortment ever offered in Richmond.;;; My assortment embraces, 2,000 pairs of heavy Sewed Brogans, of my own make; Men's Army Brogans; Men's high-cut do., very thick, nailed with hob nails; Dane 's best thick pegged Brogans; Herrick 's best thick pegged Brogans; Planters' and Dutch Boots for women, together with all other grades, suitable for servants, men, women and boys.;;; Farmers will do well to give me a call, at No. 93 Main st.;;; John C. Page, Jr.	0.981248378753662
1860-12-18_advert_0399	To Farmers-- Negro Shoes.;;; --Farmers and others wanting Negro Shoes are invited to call at No. 93 Main street, where will be found the largest and best assortment ever offered in Richmond.;;; My assortment embraces, 2,000 pairs of heavy Sewed Brogans, of my own make, Men's Army Brogans; Men's high cut do., very thick, nailed with hob nails; Dane 's best thick pegged Brogans; Herrick 's best thick pegged Brogans; Planters' and Dutch Boots for women, together with all other grades, suitable for servants, men, women and boys.;;; Farmers will do well to give me a call, at No. 93 Main st.;;; John C. Page Jr.	0.981248378753662
1861-02-23_article_0533	To Farmers.-- Negro Shoes.;;; --Farmers and others wanting Negro Shoes are invited to call at No. 93 Main street, where will be found the largest and best assortment ever offered in Richmond.;;; My assortment embraces, 2,000 pairs of heavy Sewed Brogans, of my own make; Men's Army Brogans; Men's high- cut do., very thick, nailed with hob nails; Dane 's best thick pegged Brogans; Herrick 's best thick pegged Brogans; Planters' and Dutch Boots for women, together with all other grades, suitable for servants, men, women and boys.;;; Farmers will do well to give me a call, at No. 93 Main str. John C. Page, Jr.	0.981248378753662
1860-12-01_advert_0371	To Farmers -- Negro Shoes.;;; --Farmers and others wanting Negro Shoes are invited to call at No. 93 Main street, where will be found the largest and best assortment ever offered in Richmond.;;; My assortment embraces, 2000 pairs of heavy Sewed Brogans, of my own make; Men's Army Brogans; Men's high cut do., very thick, nailed with hob nails; Dane 's best thick pegged Brogans; Herrick 's best thick pegged Brogans; Planters' and Dutch Boots for women, together with all other grades, suitable for servants, men, women and boys.;;; Farmers will do well to give me a call, at No. 93 Main st.;;; John C. Page. Jr.	0.981248378753662
1861-01-04_article_0423	To Farmers-- Negro Shoes.;;; --Farmers and others wanting Negro Shoes are invited to call at No. 93 Main street, where will be found the largest and best assortment ever offered in Richmond.;;; My assortment embraces, 2,000 pairs of heavy Sewed Brogans, of my own make; Men's Army Brogans; Men's high-cut do., very thick, nailed with hob nails; Dane 's best thick pegged Brogans; Herricks' best thick pegged Brogans; Planters' and Dutch Boots for women, together with all other grades, suitable for servants, men, women and boys.;;; Farmers will do well to give me a call, at No. 93 Main st. John C. Page, Jr.	0.9808810353279114
1860-12-22_article_0334	To Farmers-- Negro Shoes.;;; --Farmers and others wanting Negro Shoes are invited to call at No. 93 Main street, where will be found to call at No. 93 Main street, where will be found the largest and best assortment ever offered in Richmond.;;; My assortment embraces, 2,000 pairs of heavy Sewed Brogans, of my own make; Men's Army Brogans; Men's highcut do., very thick, nailed with nob nails; Dane 's best thick pigged Brogans; Herrick 's best thick pegged Brogans; Planters' and Dutch Boots for women, together with all other grades, suitable for servants, men, women and boys.;;; Farmers will do well to give me a call, at No. 93 Main st. John C. Page,Jr.	0.9808807969093324
1860-12-10_advert_0413	To Farmers;;; -- Negro Shoes.--Farmers and others wanting Negro Shoes are invited to call at No. 93 Main street, where will be found the largest and best assortment ever offered in Richmond.;;; My assortment embraces, 2,000 pairs of heavy Sewed Brogans, of my own make; Men's Army Brogans; Men's high-cut do., very thick, nailed with hob nails; Dane 's best thick pegged Brograns; Herrick 's best thick pegged Brogans; Planters' and Dutch Boots for women, together with all other grades, suitable for servants, men, women and boys.;;; Farmers will do well to give me a call, at No. 93 Main st.;;; John C. Page. Jr.	0.9808807373046876
1861-01-19_article_0436	To Farmers-- Negro Shoes.;;; --Farmers and others wanting Negro Shoes are invited to call at No. 93 Main street, where will be found the largest and best assortment ever offered in Richmond.;;; My assortment embraces, 2.000 pairs of heavy Sewed Brogans, of my own make; Men's Army Brogans ' Men's high-cut do., very thick, nailed with hob nails; Dane 's best thick pegged Broggans; Herrick 's best thick pegged Brogans; Planters' and Dutch Boots for women, together with all other grades, suitable for servants, men, women and boys.;;; Farmers will do well to give me a call, at No. 93 Main st. John C. Page. Jr.	0.9808807373046876
1860-11-09_advert_0241	To Farmers-- Negro Shoes.;;; --Farmers and others wanting Negro Shoes are invited to call at No. 93 Main street, where will be found the largest and best assortment ever offered in Richmond.;;; My assortment embraces, 2,000 pairs of heavy Sewed Brogans, of my own make; Men's Army Brogans; Men's high cut do., very thick, nailed with hob nails; Dane 's best thick pegged Brogans; Herrick 's best thick pegged Brogans; Planters' and Dutch Boots for women, together with all other grades, suitable for servants, men, women and boys.;;; Farmers will do well to give me a call, at No. 93 Main st.;;; John C. Page, Rr	0.9808807373046876
1860-12-31_aritcle_0372	To Farmers-- Negro Shoes.;;; --Farmers and others wanting Negro Shoes are invited to call at No. 93 Main street, where will be found the largest and best assortment ever offered in Richmond.;;; My assortment embraces, 2,000 pairs of heavy Sewed Brogans, of my own make; Men's Army Brogans; Men's high cut do., very thick, nailed with both nails; Dane 's best thick pegged Brogans; Herrick 's best thick pegged Brogans; Planters' and Dutch Boots for women, together with all other grades, suitable for servants, men, women and boys.;;; Farmers will do well to give me a call, at No, 23 Main st. John C. Page. Jr	0.9808807373046876
1860-11-16_advert_0378	To Farmers;;; -- Negro Shoes.--Farmers and others wanting Negro Shoes are invited to call at No. 93 Main street, where will be found the largest and best assortment ever offered in Richmond.;;; My assortment embraces, 2000 pairs of heavy Sewed Brogans, of my own make; Men's Army Brogans; Men's high-cut do., very thick, nailed with hob nails; Dane 's best thick pegged Brograns; Herrick 's best thick pegged Brogans; Planters' and Dutch Boots for women, together with all other grades, suitable for servants, men, women and boys.;;; Farmers will do well to give me a call, at No. 93 Main st.;;; John C. Page Jr.	0.9808807373046876
1861-01-07_article_0417	To Farmers-- Negro Shoes.;;; --Farmers and others wanting Negro Shoes are invited to call at No. 93 Main street, where will be found the largest and best assortment ever offered in Richmond.;;; My assortment embraces, 2,000 pairs of heavy Sewed Brogans, of my own make; Men's Army Brogans; Men's high-cut do., very thick, nailed with hob nails; Dane 's best thick pegged Brograns; Herrick 's best thick pegged Brogans; Planters' and Dutch Boots for women, together with all other grades, suitable for servants, men, women and boys.;;; Farmers will do well to give me a call, at No. 93 Main st. John C. Page, Jr.	0.9808807373046876
1860-11-23_advert_0420	To Farmers-- Negro Shoes.;;; --Farmers and others wanting Negro Shoes are invited to call at No. 93 Main street, where will be found the largest and best assortment ever offered in Richmond.;;; My assortment embraces, 2,000 pairs of heavy Sewed Brogans, of my own make; Men's Army Brogans; Men's high-cut do., very thick, nailed with hob nails; Dane 's best thick pegged Brograns; Herrick 's best thick pegged Brogans; Planters' and Dutch Boots for women, together with all other grades, suitable for servants, men, women and boys.;;; Farmers will do well to give me a call, at No. 93 Main st. John C. Page, Jr.	0.9808807373046876
1861-01-05_article_0460	To Farmers-- Negro Shoes.;;; --Farmers and others wanting Negro Shoes are invited to call at No. 93 Main street, where will be found the largest and best assortment ever offered in Richmond.;;; My assortment embraces, 2,000 pairs of heavy Sewed Brogans, of my own make; Men's Army Brogans; Men's high-cut do., very thick, nailed with hob nails; Dane 's best thick pegged Brograns; Herrick 's best thick pegged Brogans; Planters' and Dutch Boots for women, together with all other grades, suitable for servants, men, women and boys.;;; Farmers will do well to give me a call, at No. 93 Main st. John C. Page, Jr.	0.9808807373046876
1860-11-02_advert_0536	To Farmers;;; -- Negro Shoes.-- Farmers and others wanting Negro Shoes are invited to call at No. 93 Main street, where will be found the largest and best assortment ever offered in Richmond.;;; My assortment embraces, 2,000 pairs of heavy Sewed Brogans, of my own make; Men's Army Brogans; Men's high-cut do, very thick, nailed with hob nails; Dane 's best thick pegged Brograns; Herrick 's best thick pegged Brogans; Planters' and Dutch Boots for women, together with all other grades, suitable for servants, men, women and boys.;;; Farmers will do well to give me a call, at No. 93 Main st.;;; John C. Page Jr.	0.9808807373046876
1860-12-06_advert_0391	To Farmers-- Negro Shoes.;;; --Farmers and others wanting Negro Shoes are invited to call at No. 93 Main street, where will be found the largest and best assortment ever offered in Richmond.;;; My assortment embraces, 2,000 pairs of heavy Sewed Brogans, of my own make; Men's Army Brogans; Men's high cut do., very thick, nailed with hob nails; Dane 's best thick pegged Brograns; Herrick 's best thick pegged Brogans; Planters' and Dutch Boots for women, together with all other grades, suitable for servants, men, women and boys.;;; Farmers will do well to give me a call, at No. 93 Main st.;;; John C. Page. Jr.	0.9808807373046876
1860-12-05_advert_0300	To Farmers-- Negro Shoes.;;; --Farmers and others wanting Negro Shoes are invited to call at No. 93 Main street, where will be found the largest and best assortment ever offered in Richmond.;;; My assortment embraces, 2,000 pairs of heavy Sewed Brogans, of my own make; Men's Army Brogans; Men's high cut do., very thick, nailed with hob nails; Dane 's best thick pegged Brograns; Herrick 's best thick pegged Brogans; Planters' and Dutch Boots for women, together with all other grades, suitable for servants, men, women and boys.;;; Farmers will do well to give me a call, at No. 93 Main st. John C. Page. Jr.	0.9808807373046876
1861-01-09_article_0462	To Farmers-- Negro Shoes.;;; --Farmers and others wanting Negro Shoes are invited to call at No. 93 Main street, where will be found the largest and best assortment ever offered in Richmond.;;; My assortment embraces, 2,000 pairs of heavy Sewed Brogans, of my own make; Men's Army Brogans; Men's high-cut do., very thick, nailed with hob nails; Dane 's best thick pegged Brograns; Herrick 's best thick pegged Brogans; Planters' and Dutch Boots for women, together with all other grades, suitable for servants, men, women and boys.;;; Farmers will do well to give me a call, at No. 93 Main st. John C. Page, Jr.	0.9808807373046876
1861-03-23_article_0312	To Farmers-- Negro Shoes.;;; --Farmers and others wanting Negro Shoes are invited to call at No. 93 Main street, where will be found the largest and best assortment ever offered in Richmond.;;; My assortment embrances, 2,000 pairs of heavy Sewed Brogans, of my own make; Men's Army Brogans; Men's high-cut do., very thick, nailed with hob nails; Dane 's best thick pegged Brograns; Herrick 's best thick pegged Brogans; Planters' and Dutch Boots for women, together with all other grades, suitable for servants, men, women and boys.;;; Farmers will do well to give me a call, at No. 93 Main st. John C. Page, Jr.	0.9804983139038086
1861-02-07_article_0244	To Farmers-- Negro Shoes.;;; --Farmers and others wanting Negro Shoes are invited to call at No. 93 Main street, where will be found the largest and best assortment ever offered in Richmond.;;; My assortment embrances, 2,000 pairs of heavy Sewed Brogans, of my own make; Men's Army Brogans; Men's high-cut do., very thick, nailed with hob nails; Dane 's best thick pegged Brograns; Herrick 's best thick pegged Brogans; Planters' and Dutch Boots for women, together with all other grades, suitable for servants, men, women and boys.;;; Farmers will do well to give me a call, at No. 93 Main st. John C. Page, Jr.	0.9804983139038086
1861-01-01_article_0465	To Farmers-- Negro Shoes.;;; --Farmers and others wanting Negro Shoes are invited to call at No. 93 Main street, where will be found the largest and best assortment ever offered in Richmond.;;; My assortment embrances, 2,000 pairs of heavy Sewed Brogans, of my own make; Men's Army Brogans; Men's high-cut do., very thick, nailed with hob nails; Dane 's best thick pegged Brograns; Herrick 's best thick pegged Brogans; Planters' and Dutch Boots for women, together with all other grades, suitable for servants, men, women and boys.;;; Farmers will do well to give me a call, at No. 93 Main st. John C. Page, Jr.	0.9804983139038086
1861-03-27_article_0340	To Farmers-- Negro Shoes.;;; --Farmers and others wanting Negro Shoes are invited to call at No. 93 Main street, where will be found the largest and best assortment ever offered in Richmond.;;; My assortment embrances, 2,000 pairs of heavy Sewed Brogans, of my own make; Men's Army Brogans; Men's high-cut do., very thick, nailed with hob nails; Dane 's best thick pegged Brograns; Herrick 's best thick pegged Brogans; Planters' and Dutch Boots for women, together with all other grades, suitable for servants, men, women and boys.;;; Farmers will do well to give me a call, at No. 93 Main st. John C. Page, Jr.	0.9804983139038086
1861-01-17_article_0252	To farmers-- Negro Shoes.;;; --Farmers and others wanting Negro Shoes are invited to call at No. 93 Main street, where will be found the largest and best assortment ever offered in Richmond.;;; My assortment embrances, 2,000 pairs of heavy Sewed Brogans, of my own make; Men's Army Brogans; Men's high-cut do., very thick, nailed with hob nails; Dane 's best thick pegged Brograns; Herrick 's best thick pegged Brogans; Planters' and Dutch Boots for women, together with all other grades, suitable for servants, men, women and boys.;;; Farmers will do well to give me a call, at No. 93 Main st. John C. Page, Jr.	0.9804983139038086
1861-04-16_article_0299	To farmers-- Negro Shoes.;;; --Farmers and others wanting Negro Shoes are invited to call at No. 93 Main street, where will be found the largest and best assortment ever offered in Richmond.;;; My assortment embrances, 2,000 pairs of heavy Sewed Brogans, of my own make; Men's Army Brogans; Men's high-cut do., very thick, nailed with hob nails; Dane 's best thick pegged Brograns; Herrick 's best thick pegged Brogans; Planters' and Dutch Boots for women, together with all other grades, suitable for servants, men, women and boys.;;; Farmers will do well to give me a call, at No. 93 Main st. John C. Page, Jr.	0.9804983139038086
1860-11-03_advert_0469	To Farmers-- Negro Shoes.--;;; Farmers and others wanting Negro Shoes are invited to call at No. 93 Main street, where will be found the largest and best assortment ever offered in Richmond.;;; My assortment embraces, 2,000 pairs of heavy Sewed Brogans, of my own make; Men's Army Brogans; Men's highcut do., very thick, nailed with hob nails; Dane 's best thick pegged Brograns; Herrick 's best thick pegged Brogans; Planters' and Dutch Boots for women, together with all other grades, suitable for servants, men, women and boys.;;; Farmers will do well to give me a call, at No. 93 Main st.;;; John C. Page Jr.	0.9804983139038086
1860-11-07_advert_0358	To Farmers-- Negro Shoes.;;; --Farmers and others wanting Negro Shoes are invited to call at No. 93 Main street, where will be found the largest and best assortment ever offered in Richmond.;;; My assortment embraces, 2,000 pairs of heavy Sewed Brogans, of my own make; Men's Army Brogans; Men's highcut do., very thick, nailed with hob nails; Dane 's best thick pegged Brograns; Herrick 's best thick pegged Brogans; Planters' and Dutch Boots for women, together with all other grades, suitable for servants, men, women, and boys.;;; Farmers will do well to give me a call, at No. 93 Main st.;;; John C. Page Jr.	0.9804983139038086
1861-03-13_article_0326	To Farmers-- Negro Shoes.;;; --Farmers and others wanting Negro Shoes are invited to call at No. 93 Main street, where will be found the largest and best assortment ever offered in Richmond.;;; My assortment embrances, 2,000 pairs of heavy Sewed Brogans, of my own make; Men's Army Brogans; Men's high-cut do., very thick, nailed with hob nails; Dane 's best thick pegged Brograns; Herrick 's best thick pegged Brogans; Planters' and Dutch Boots for women, together with all other grades, suitable for servants, men, women and boys.;;; Farmers will do well to give me a call, at No. 93 Main st. John C. Page, Jr.	0.9804983139038086
1861-01-16_article_0490	To Farmers-- Negro Shoes.;;; --Farmers and others wanting Negro Shoes are invited to call at No. 93 Main street, where will be found the largest and best assortment ever offered in Richmond.;;; My assortment embraces, 2,000 pairs of heavy Sewed Brogans, of my own make; Men's Army Brogans ' Men's highcut do., very thick, nailed with hob nails; Dane 's best thick pegged Brograns; Herrick 's best thick pegged Brogans; Planters' and Dutch Boots for women, together with all other grades, suitable for servants, men, women and boys.;;; Farmers will do well to give me a call, at No. 93 Main st. John C. Page. Jr.	0.9804983139038086
1861-01-11_article_0344	To Farmers-- Negro Shoes.;;; --Farmers and others wanting Negro Shoes are invited to call at No. 93 Main street, where will be found the largest and best assortment ever offered in Richmond.;;; My assortment embrances, 2,000 pairs of heavy Sewed Brogans, of my own make; Men's Army Brogans; Men's high-cut do., very thick, nailed with hob nails; Dane 's best thick pegged Brograns; Herrick 's best thick pegged Brogans; Planters' and Dutch Boots for women, together with all other grades, suitable for servants, men, women and boys.;;; Farmers will do well to give me a call, at No. 93 Main st. John C. Page, Jr.	0.9804983139038086
1861-01-15_article_0430	To Farmers-- Negro Shoes.;;; --Farmers and others wanting Negro Shoes are invited to call at No. 93 Main street where will be found the largest and best assortment ever offered in Richmond.;;; My assortment embraces 2.000 pairs of heavy Sewen Brogans, of my own make; Men's Army Brogans; Men's high-cut do very thick nailed with hob nails; Dane 's best thick pegged Brograns; Herrick 's best thick pegged Brogans; Planters' and Dutch Boots for women, together with all other grades, suitable for servants, men, women and bo Farmers will do well to give me a call at No. 93 Main st. John C. Page. Jr.	0.9801003336906432
1861-01-02_article_0474	To Farmers-- Negro Shoes.;;; --Farmers and others wanting Negro Shoes are invited to call at No. 93 Main street, where will be found the largest and best assortment ever offered in Richmond.;;; My assortment embraces, 2000 pairs of heavy Sewed Brogans of my own make; Men's Army Brogans; Men's high cut do., very thick, nailed with hob nails; Dane 's best thick pegged Brograns; Herrick 's best thick pegged Brogans; Planters' and Dutch Boots for women, together with all other grades, suitable for servants, men, women and boys.;;; Farmers will do well to give me a call, at No. 93 Main st.	0.9796858429908752
1861-01-18_article_0349	To Farmers-- Negro Shoes.;;; --Farmers and others wanting Negro Shoes are invited to call at No. 93 Main street, where will be found the largest and best assortment ever offered in Richmond.;;; My assortment embrances, 2,000 pairs of heavy Sewed Brogans, of my own make; Men's Army Brogans; Men's high-cut do., very thick, nailed with hob nails; Dane 's best thick pegged Brograns; Herrick 's best thick pegged Brogans; Planters' and other grades, suitable for servants, men, women and boys.;;; Farmers will do well to give me a call, at No. 93 Main st. John C. Page, Jr.	0.9788024425506592
1860-12-04_advert_0351	To Farmers â€” Negroshoes;;; --Farmers and others wanting Negroshoes are invited to call at No. 93 Main street where will be found the largest and best assortment ever offered in Richmond.;;; My assortment embraces 2 000 pairs of heavy Sewed Brogans, of my own make, Men's Army Brogans; Men's high cut do, very thick, nulled with hob naive; Dane 's best thick pegged Brogans, Herrick 's best thick pegged Brogans; Planters and patch Boots for women, together with all other grades, suitable for savants, men, women and boys.;;; Farmers will do well to give me a call, at No. 93 Main st.;;; John C. Page Jr.	0.9783313870429992
1860-11-22_advert_0421	To Farmers -- Negro Shoes;;; --Farmers and others wanting Negro Shoes are invited to call at No. 93 Main street, where will be found the largest and best assortment ever offered in Richmond.;;; My assortment embraces, 2 000 pairs of heavy Sewed Brogans, of my own make; Men's Army Brogans; Men's high cut do., very thick, nailed with hob nails; Dane 's best thick pegged Brogans; Herrick 's best thick pegged Brogans; Painters' and Dutch Boots for women, together with all other grades, suitable for servants, men, women and boys.;;; Farmers will do well to give me a call, at No. 93 Main st.;;; John C. Page Jr.	0.9644370079040528
1860-12-29_article_0374	To Farmers-- Negro Shoes.;;; --Farmers and others wanting Negro Shoes are invited to call at No. 93 Main street, where will be found the largest and best assortment ever offered in Richmond.;;; My assortment embraces, 2000 paris of heavy Sewed Brogans, of my own make; Men's Army Brogans; Men's high-cut do., very thick, nailed with hob nails; Dane 's best thick pegged Brogans; Herrick 's best thick gagged Brogans; Planters' and Dutch Boots for women, together with all other grades, suitable for servants, men, women and boys.;;; Farmers will do well to give me a call at No. 93 Main st. John C. Page. Jr	0.9611632227897644
1860-11-28_advert_0260	To Farmers;;; -- Negro Shoes.--Farmers and others wanting Negro Shoes are invited to call at No. 93 Main street, where will be found the largest and best assortment ever offered in Richmond.;;; My assortment embraces, 2,000 pairs of heavy Sewed Brogans, of my own make; Men's Army Brogans; Men's high cut do., very thick, nailed with hob nails; Dane 's best thick pegged Brograns; Herrick 's best thick pegged Brogans; Planters' and Dutch Boots for women, together with all other grades, suitable for servants, men, women and boys.;;; Farmers will do well to give me a call, at No. 93 Main st.;;; John C. Page. Jr.;;; Runaways.	0.9611005187034608
1861-01-12_article_0445	To Farmers-- Negro Shoes.;;; --Farmers and others wanting Negro Shoes are invited to call at No. 93 Main street, where will be found the largest and best assortment ever offered in Richmond.;;; My assortment embraces, 2,000 parts of heavy Sewell Brogans, of my own make; Men's Army Brogans; Men's high-out do., very thick, nailed with nob nails; Dane 's best thick pegged Brograns; Horrick's best thick pegged Brogans; Planters' and Dutch Boots for women, together with all other grades, suitable for servants, men, women and boys.;;; Farmers will do well to give me a call, at No. 93 Main st. John C. Page, Jr.	0.958630621433258
1860-11-27_advert_0496	To Farmers;;; -- Negro Shoes --Farmers and others wanting Negro Shoes are invited to call at No. 93 Main street, where will be found the largest and best assortment ever offered in Richmond.;;; My assortment embraces, 2 000 pairs of heavy Sewed Brogans, of my own make Men's Army Brogans; Men's high very thick, called with	0.9576061964035034
1860-11-29_advert_0295	To Farmers-- Negro Shoes;;; --Farmers and others wanting Negro Shoes are invited to call at No. 93 Main street, where will be found the largest and best assortment ever offered in Richmond.;;; My assortment embraces, 2 000 pairs of heavy Sewed Brogans, of my own make; Men's Army Brogans; Men's high cut do., very thick, nailed with hob nails; Dane 's best thick pegged Brogans; Herrick 's best thick pegged Brogans; Planters' and Dutch Boots for women, together with all other grades, suitable for servants, men, women and boys.;;; Farmers will do well to give me a call, at No. 93 Main st.;;; John C. Page. Jr.;;; Horses, &amp; for sale	0.9524147510528564
1860-12-28_article_0450	To Farmers.-- Negro Shoes.;;; --Farmers and others wanting Negro Shoes are invited to call at No. 93 Main street, where will be found the largest and best assortment ever offered in Richmond.;;; My assortment embraces, 2000 pairs of heavy Sewed Brogans, of my own make; Men's Army Brogans; Men's highest do., very thick, nailed with hob nails; Dane 's best thick pegged Brogans; Herrick 's best thick pegged Brogans; Planters' and Dutch Boots for women, together with all other grades, suitable for servants, men, women and boys.;;; Farmers will do well to give me a call, at No. 93 Main st. John C. Page. Jr.	0.9481197595596312
1860-11-19_advert_0383	To Farmers;;; -- Negro Shoes --Farmers and others wanting Negro Shoes are invited to call at No. 93 Main street, where will be found the largest and best assortment ever offered in Richmond.;;; My assortment embraces, 2,000 pairs of heavy Sewed Brogans, of my own make; Men's Army Brogans; Men's highest do., very thick, nailed with hob nails; Dane 's best thick pegged Brograns; Herrick 's Planters' and Dutch Boots for women, together with all other grades, suitable for servants, men, women and boys.;;; Farmers will do well to give me a call, at No. 93 Main st.;;; John C. Page Jr.	0.946470022201538
1861-01-14_article_0326	To Farmers-- Negro Shoes.;;; --Farmers and others wanting Negro Shoes are invited to call at No. 93 Main street, where will be round the largest and best assortment ever offered in Richmond.;;; My assortment embraces, 2,000 pairs of heavy Sewed Brogans, of my own make; Men's Army Brogans; Men's high-out do., very thick, nailed with hob nails; Dane 's best thick pegged Brograns; Herrick 's best thick pegged Brogans; Planters' and Dutch Boots for women, together with all other grades, suitable for servants, men, women and boys.;;; Farmers will do well to give me a call, at No. 93 Main st. John C. Page, Jr.	0.9435310363769532
1860-11-30_advert_0459	To Farmers-- Negro Shoes.;;; --Farmers and others wanting Negro Shoes are invited to call at No. 93 Main street, where will be found the largest and best assortment ever offered in Richmond.;;; My assortment embraces, 2,000 pairs of heavy Sewed Brogans of my own make; Men's Army Brogans; Men's high cut do., very thick, nailed with hob nails; Dane 's best thick pegged Brogans; Herrick 's best thick pegged Brogans; Planters' and Dutch Boots for women, together with all other grades, suitable for servants, men, women and boys.;;; Farmers will do well to give me a call, at No. 93 Main st.;;; John C. Page. Jr.;;; Drugs, Medicines, &amp;c.	0.943384051322937
1860-12-25_article_0401	To Farmers.-- Negro Shoes.;;; --Farmers and others wanting Negro Shoes are invited to call at No. 93 Main street, where will be found the largest and best assortment ever offered in Richmond.;;; My assortment embraces, 2000 pairs of heavy Sewed Brogans, of my own make, Men a Army Brogans; Men's high cut do., every thick, nailed with; Dane 's best thick pegged Brograns; Herrick 's best thick pegged Brogans; Planters' and Dutch Boots for women, together with all other grades, suitable for servants, men, women and boss.;;; Farmers will do well to give me a call, at No. 93 Main st. John C. Page Jr	0.9389621019363404
1861-02-01_article_0402	To Farmers.-- Negro Shoes.;;; --Farmers and others wanting Negro Shoes are invited to call at No. 93 Main street, where will be found the largest and best assortment ever offered in Richmond.;;; My assortment embraces, 2,000 pairs of heavy Sewed Brogans, of my own make; Men's Army Brogans; Men's high-cut do., very thick, nailed with hob nails; Dane 's best thick pegged Brogans, Herrick 's best thick pegged Brogans; Planters' and Dutch Boots for women, together with all other grades, suitable for servants, men, women and boys.;;; Farmers will do well to give me a call, at No. 93 Main str. John C. Page, Jr. [ja 2];;; Hats, caps, &amp;c.	0.935989260673523
1861-02-11_advert_0586	To Farmers.;;; -- Negro Shoes.--Farmers and others wanting Negro Shoes are invited to call at No. 93 Main street, where will be found the largest and best assortment ever offered in Richmond.;;; My assortment embraces, 2,000 pairs of heavy Sewed Brogans, of my own make; Men's Army Brogans: Men's high-cut do., very thick, nailed with hob nails; Dane 's best thick pegged Brogans; Herrick 's best thick pegged Brogans; Planters' and Dutch Boots for women, together with all other grades, suitable for servants, men, women and boys.;;; Farmers will do well to give me a call, at No. 93 Main str. [ja 2 ] John C. Page. Jr.;;; Restaurants, &amp;c.	0.9336397051811218
1861-02-08_article_0513	To Farmers.-- Negro Shoes.;;; --Farmers and others wanting Negro Shoes are invited to call at No. 93 Main street, where will be found the largest and best assortment ever offered in Richmond.;;; My assortment embraces, 2,000 pairs of heavy Sewed Brogans, of my own make; Men's Army Brogans: Men's high-cut do., very thick, nailed with hob nails; Dane 's best thick pegged Brogans; Herrick 's best thick pegged Brogans; Planters' and Dutch Boots for women, together with all other grades, suitable for servants, men, women and boys.;;; Farmers will do well to give me a call, at No. 93 Main str. John C. Page, Jr. [ja 2]	0.9315913915634156
1861-02-26_article_0367	To Farmers.-- negro Shoes.;;; --Farmers and others wanting negro Shoes are invited to call at No. 93 Main street, where will be found the largest and best assortment ever offered in Richmond.;;; My assortment embraces, 2,000 pairs of heavy Sewed Brogans, of my own make; Men's Army Brogans; Men's high-cut do., very thick, nailed with hob nails; Dane 's best thick pegged Brogans; Herrick 's best thick pegged Brogans' Planters' and Dutch Boots for women, together with all other grades, suitable for servants, men, women and boys.;;; Farmers will do well to give me a call, at No. 93 Mina str. John C. Page, Jr. [ja 2]	0.9315231442451476
1861-02-28_article_0448	To Farmers.-- Negro Shoes.;;; --Farmers and others wanting Negro Shoes are invited to call at No. 93 Main street, where will be found the largest and best assortment ever offered in Richmond.;;; My assortment embraces, 2,000 pairs of heavy Sewed Brogans, of my own make; Men's Army Brogans; Men's high-cut do., very thick, nailed with hob nails; Dane 's best thick pegged Brogans; Herrick 's best thick pegged Brogans; Planters' and Dutch Boots for women, together with all other grades, suitable for servants, men, women and boys.;;; Farmers will do well to give me a call, at No. 93 Main str. John C. Page,Jr. [ja 2]	0.9314989447593688
1861-03-11_advert_0324	To Farmers.;;; -- Negro Shoes.--Farmers and others wanting Negro Shoes are invited to call at No. 93 Main street, where will be found the largest and best assortment ever offered in Richmond.;;; My assortment embraces, 2,000 pairs of heavy Sewed Brogans, of my own make; Men's Army Brogans; Men's high-cut do., very thick, nailed with hob nails; Daue's best thick pegged Brogans; Herrick 's best thick pegged Brogans; Planters' and Dutch Boots for women, together with all other grades, suitable for servants, men, women and boys; Farmers will do well to give me a call, at No. 93 Main str. [ja 2 ] John C. Page, Jr.	0.9293644428253174
1861-02-20_advert_0011	To Farmers.;;; -- Negro Shoes.--Farmers and others wanting Negro Shoes are invited to call at No. 93 Main street, where will be found the largest and best assortment ever offered in Richmond.;;; My assortment embraces, 2,000 pairs of heavy Sewed Brogans, of my own make; Men's Army Brogans: Men's high-cut do., very thick, nailed with hob tails; Dane 's best thick pegged Brogans; Herrick 's best thick pegged Brogans; Planters' and Dutch Boots for women, together with all other grades, suitable for servants, men, women and boys.;;; Farmers will do well to give me a call, at No. 22 Main str. [ja 2 ] John C. Page. Jr.	0.9292659163475036
1861-02-09_article_0534	To farmers-- Negro Shoes.;;; --Farmers and others wanting Negro Shoes are invited to call at No. 93 Main street, where will be found the largest and best assortment ever offered in Richmond.;;; My assortment embrances, 2,000 pairs of heavy Sewed Brogans, of my own make; Men's Army Brogans; Men's high-cut do., very thick, nailed with hob nails; Dane 's best thick pegged Brograns; Herrick 's best thick pegged Brogans; Planters' and Dutch Boots for women, together with all other grades, suitable for servants, men, women and boys.;;; Farmers will do well to give me a call, at No. 93 Main st. John C. Page, Jr. [ja 2];;; Restaurants, &amp;c.	0.9292466044425964
1861-01-25_article_0221	To Farmers.-- Negro Shoes.;;; --Farmers and others wanting Negro Shoes are invited to call at No. 93 Main street, where will be found the largest and best assortment ever offered in Richmond.;;; My assortment embrances, 2,000 pairs of heavy Sewed Brogans, of my own make; Men's Army Brogans: Men's high-cut do., very thick, nailed with hob nails; Dane 's best thick pegged Brogans; Herrick 's best thick pegged Brogans; Planters' and Dutch Boots for women, together with all other grades, suitable for servants, men, women and boys.;;; Farmers will do well to give me a call, at No. 93 Main str. John C. Page, Jr. [ja 2]	0.9292455315589904
1861-01-21_advert_0368	To Farmers.;;; -- Negro Shoes.--Foamers and others wanting Negro Shoes are invited to call at No. 93 Main street, where will be found the largest and best assortment ever offered in Richmond.;;; My assortment embraces, 2,000 pairs of heavy Sewed Brogans, of my own make; Men's Army Brogans: Men's high-cut do., very thick, nailed with hob-nails; Dane 's best thick pegged Brogans.;;; Henricks best thick pegged Brogans; Planters' and Dutch Boots for women, together with all other grades, suitable for servants, men, women and boys, Farmers will do well to give me a call, at No. 93 Main str. [ja 2 ] John C. Page, Jr.	0.92697012424469
1861-01-26_article_0376	To Farmers-- Negro Shoes.;;; --Farmers and others wanting Negro Shoes are invited to call at No. 93 Main street, where will be found the largest and best assortment ever offered in Richmond.;;; My assortment embrances, 2,000 pairs of heavy Sewed Brogans, of my own make; Men's Army Brogans; Men's high-cut do., very thick, nailed with hob nails; Dane 's best thick pegged Brograns; Herrick 's best thick pegged Brogans; Planters' and Dutch Boots for women, together with all other grades, suitable for servants, men, women and boys.;;; Farmers will do well to give me a call, at No. 93 Main st. John C. Page, Jr. [ja 2]	0.926949977874756
1861-01-28_article_0430	To Farmers-- Negro Shoes.;;; --Farmers and others wanting Negro Shoes are invited to call at No. 93 Main street, where will be found the largest and best assortment ever offered in Richmond.;;; My assortment embrances, 2,000 pairs of heavy Sewed Brogans, of my own make; Men's Army Brogans; Men's high-cut do., very thick, nailed with hob nails; Dane 's best thick pegged Brograns; Herrick 's best thick pegged Brogans; Planters' and Dutch Boots for women, together with all other grades, suitable for servants, men, women and boys.;;; Farmers will do well to give me a call, at No. 93 Main st. John C. Page, Jr. [ja 2]	0.926928699016571
1861-03-04_article_0373	To Farmers-- Negro shoes.;;; --Farmers and others wanting Negro shoes are invited to call at No. 93 Main street, where will be found the largest and best assortment ever offered in Richmond.;;; My assortment embrances, 2,000 pairs of heavy Sewed Brogans, of my own make; Men's Army Brogans; Men's high-cut do., very thick, nailed with hob nails; Dane 's best thick pegged Brograns; Herrick 's best thick pegged Brogans; Planters' and Dutch Boots for women, together with all other grades, suitable for servants, men, women and boys.;;; Farmers will do well to give me a call, at No. 93 Main st. John C. Page, Jr. [ja 2]	0.9269153475761414
1861-01-23_article_0468	To Farmers-- Negro Shoes.;;; --Farmers and others wanting Negro Shoes are invited to call at No. 93 Main street, where will be found the largest and best assortment ever offered in Richmond.;;; My assortment embrances, 2,000 pairs of heavy Sewed Brogans, of my own make; Men's Army Brogans; Men's high-cut do., very thick, nailed with hob nails; Dane 's best thick pegged Brograns; Herrick 's best thick pegged Brogans; Planters' and Dutch Boots for women, together with all other grades, suitable for servants, men, women and boys.;;; Farmers will do well to give me a call, at No. 93 Main st. John C. Page, Jr. [ja 2]	0.9268884062767028
1861-02-25_article_0279	To Farmers.-- Negro Shoes.;;; --Farmers and others wanting Negro Shoes are invited to call at No. 93 Main street, where will be found the largest and best assortment ever offered in Richmond.;;; My assortment embraces, 2,000 pairs of heavy Sewed Brogans, of my own make; Men's Army Brogans; Men's high-cut do., very thick, nailed with hobnails; Dane 's best thick pegged Brogans; Herrick 's best thick pegged Brogans; Planters' and Dutch Boots for women, together with all other grades, suitable for servants, men, women and boys.;;; Farmers will do well to give me a call, at No. 93 Main str. John C. Page,Jr. [ja 2]	0.9268690347671508
1861-02-18_article_0329	To farmers-- Negro Shoes.;;; --Farmers and others wanting Negro Shoes are invited to call at No. 93 Main street, where will be found the largest and best assortment ever offered in Richmond.;;; My assortment embrances, 2,000 pairs of heavy Sewed Brogans, of my own make; Men's Army Brogans; Men's high-cut do., very thick, nailed with hob nails; Dane 's best thick pegged Brograns; Herrick 's best thick pegged Brogans; Planters' and Dutch Boots for women, together with all other grades, suitable for servants, men, women and boys.;;; Farmers will do well to give me a call, at No. 93 Main st. John C. Page, Jr. [ja 2]	0.9268460869789124
1861-03-16_article_0347	To Farmers-- Negro Shoes.;;; --Farmers and others wanting Negro Shoes are invited to call at No. 93 Main street, where will be found the largest and best assortment ever offered in Richmond.;;; My assortment embrances, 2,000 pairs of heavy Sewed Brogans, of my own make; Men's Army Brogans; Men's high-cut do., very thick, nailed with hob nails; Dane 's best thick pegged Brograns; Herrick 's best thick pegged Brogans; Planters' and Dutch Boots for women, together with all other grades, suitable for servants, men, women and boys.;;; Farmers will do well to give me a call, at No. 93 Main st. John C. Page, Jr. [ja 2]	0.9268414974212646
1861-03-14_article_0388	To Farmers.-- Negro Shoes.;;; --Farmers and others wanting Negro Shoes are invited to call at No. 92 Main street, where will be found the largest and best assortment ever offered in Richmond.;;; My assortment embraces, 2,000 pairs of heavy Sewed Brogans, of my own make; Men's Army Brogans.;;; Men's high-out do., very thick, nailed with hob nails; Dane 's best thick pegged Brogans; Her rick's best thick pegged Brogans; Planters' and Dutch Boots for women, together with all other grades, suitable for servants, men, women and boys.;;; Farmers will do well to give me a call, at No. 93 Main str. John C. Page. Jr. [ja 2]	0.9268375635147096
1861-02-27_article_0406	To Farmers.-- Negro Shoes.;;; --Farmers and others wanting Negro Shoes are invited to call at No. 93 Main street, where will be found the largest and best assortment ever offered in Richmond.;;; My assortment embraces, 2,000 pairs of heavy Sewed Brogans, of my own make; Men's Army Brogans; Men's high-cut do., very thick, nailed with hobnails; Dane 's best thick pegged Brogans; Herrick 's best thick pegged Brogans; Planters' and Dutch Boots for women, together with all other grades, suitable for servants, men, women and boys.;;; Farmers will do well to give me a call, at No. 93 Main str. John C. Page, Jr. [ja 2]	0.9268311858177184
1861-04-18_article_0306	To Farmers-- Negro Shoes.;;; --Farmers and others wanting Negro Shoes are invited to call at No. 93 Main street, where will be found the largest and best assortment ever offered in Richmond.;;; My assortment embrances, 2,000 pairs of heavy Sewed Brogans, of my own make; Men's Army Brogans; Men's high-cut do., very thick, nailed with hob nails; Dane 's best thick pegged Brograns; Herrick 's best thick pegged Brogans; Planters' and Dutch Boots for women, together with all other grades, suitable for servants, men, women and boys.;;; Farmers will do well to give me a call, at No. 93 Main st. John C. Page, Jr. [ja 2]	0.9267841577529908
1861-03-18_article_0340	To Farmers.-- Negro Shoes.;;; --Farmers and others wanting Negro Shoes are invited to call at No. 92 Main street, where will be found the largest and best assortment ever offered in Richmond.;;; My assortment embraces 2,000 pairs of heavy Sewed Brogans, of my own make.;;; Men's Army Brogans Men's high- out do very thick, nailed with hobnails; Dane 's best thick pegged Brogans; Her rick's best thick pegged Brogans; Planters' and Dutch Boots for women, together with all other grades, suitable for servants men, women and boys.;;; Farmers will do well to give me a call at No. 92 Main str. John C. Page. Jr, [ja 2]	0.9216182231903076
1861-03-12_article_0353	To farmers-- Negro Shoes.;;; --Farmers and others wanting Negro Shoes are invited to call at No. 93 Main street, where will be found the largest and best assortment ever offered in Richmond.;;; My assortment embraces, 2,000 pairs of heavy Sewed Brogans, of my own make; Men's Army Brogans.;;; Men's high-out do very thick, nailed with hobnails; Dane 's best thick pegged Brogans; Her rick's best thick pegged Brogans; Planters' and Dutch Boots for women, together with all other grades, suitable for servants, men, women and boys.;;; Farmers will do well to give me a call, at No. 22 Main str. John C. Page. Jr. [ja 2]	0.9215726852416992
1860-11-19_advert_0115	"An act of gratitude.;;; -- 20,000 Copies of A Medical Book for Gratuitous Circulation, by a sufferer, who has been effectually cured of Nervous Debility, Loss of Memory, and Dimness of Sight, resulting from early errors, by following the instructions given in a medical work, Considers it his duty, in gratitude to the author, and for the benefit of Consumptive and Nervous sufferers, to publish the means used.;;; He will, therefore, send free, to any address, on receipt of two stamps, a copy of the work, containing every information required.;;; Address, "" Box 579,"" P. O., Albany, N. Y. no 12 --d&amp;cw3m"	0.9213947057724
1860-11-20_advert_0174	"An act of gratitude.;;; -- 20,000 Copies of A Medical Book for Gratuitous Circulation.;;; by a sufferer, who has been effectually cured of Nervous Debility, Loss of Memory, and Dimness of Sight, resulting from early errors, by following the instructions given in a medical work, Considers it his duty, in gratitude to the author, and for the benefit of Consumptive and Nervous sufferers, to publish the means used He will, therefore, send free, to any address, on receipt of two stamps, a copy of the work, containing every information required.;;; Address, Box 579,"" P. O., Albany, N. Y. no 12 -- d&amp;cw3m"	0.9213947057724
1860-11-27_advert_0191	"An act of gratitude.;;; -- 20,000 Copies of A Medical Book for Gratuitous Circulation, by a sufferer, who has been effectually cured of Nervous Debility, Loss of Memory, and Dimness of Sight, resulting from early errors, by following the instructions given in a medical work.;;; Considers it his duty, in gratitude to the author, and for the benefit of Consumptive and Nervous sufferers, to publish the means used.;;; He will, therefore, send free, to any address, on receipt of two stamps, a copy of the work, containing every information required.;;; Address, "" Box 579,"" P. O., Albany, N. Y.;;; no 12 --d &amp; cw3m"	0.9213945865631104
1860-11-30_advert_0240	"An act of gratitude.;;; -- 20,000 Copies of A Medical Book for Gratuitous Circulation, by a sufferer, who has been effectually cured of Nervous Debility, Loss of Memory, and Dimness of Sight, resulting from early errors, by following the instructions given in a medical work.;;; Considers it his duty, in gratitude to the author, and for the benefit of Consumptive and Nervous sufferers, to publish the means used.;;; He will, therefore, send free, to any address, on receipt of two stamps, a copy of the work, containing every information required.;;; Address, "" Box 579,"" P. O., Albany, N. Y.;;; no 12 --d&amp;cw3m"	0.921393871307373
1860-11-16_advert_0131	"An act of gratitude.;;; -- 20,000 Copies of A Medical Book for Gratuitous Circulation, by a sufferer, who has been effectually cured of Nervous Debility, Loss of Memory, and Dimness of Sight, resulting from early errors, by following the instructions given in a medical work.;;; Considers it his duty, in gratitude to the author, and for the benefit of Consumptive and Nervous sufferers, to publish the means used.;;; He will, therefore, send free, to any address, on receipt of two stamps, a copy of the work, containing every information required.;;; Address, "" Box 579,"" P. O., Albany, N. Y. no 12 --d&amp;cw3m"	0.9213938117027284
1861-02-09_advert_0030	"An Act of gratitude.;;; -- 20,000 Copies of A Medical Book for Gratuitous Circulation, by a Sufferer, who has been effectually cured of Nervous Debility, Loss of Memory, and Dimness of Sight, resulting from early errors, by following the instructions given in a medical work.;;; Considers it his duty in gratitude to the author, and for the benefit of Consumptive and Nervous sufferers, to publish the means used.;;; He will, therefore, send free, to any address, on receipt of two stamps, a copy of the work, containing every information required.;;; Address, "" Box 579, "" P. O., Albany, N. Y. no 12 --d&amp;cw3m"	0.921393632888794
1861-01-21_advert_0182	"An act of gratitude.;;; -- 20,000 Copies of A Medical Book for Gratuitous Circulation, by a Sufferer, who has been effectually cured of Nervous Debility, Loss of Memory, and Dimness of Sight, resulting from early errors, by following the instructions given in a medical work.;;; Considers it his duty in gratitude to the author, and for the benefit of Consumptive and Nervous sufferers, to publish the means used.;;; He will, therefore, send free to any address, on receipt of two stamps, a copy of the work, containing every information required.;;; Address, "" Box 579,"" P. O., Albany, N. Y. no 12 --d&amp;cw3m"	0.9213935732841492
1860-12-07_advert_0176	"An act of gratitude.;;; -- 20,000 Copies of A Medical Book for Gratuitous Circulation, by a sufferer, who has been effectually cured of Nervous Debility, Loss of Memory, and Dimness of Sight, resulting from early errors, by following the instructions given in a medical work.;;; Considers it his duty, in gratitude to the author, and for the benefit of Consumptive and Nervous sufferers, to publish the means used.;;; He will, therefore, send free, to any address, on receipt of two stamps, a copy of the work, containing every information required.;;; Address, "" Box 679, "" P. O., Albany, N. Y. no 12 --d&amp;cw3m"	0.9213923215866088
1860-12-04_advert_0099	"An act of gratitude.;;; -- 20 000 Copies of A Medical Book for Gratuitous Circulation, by a sufferer, who has been effectually cured of Nervous Debility, Loss of Memory, and Dimness of Sight, resulting from early errors, by following the instructions given in a medical work.;;; Considers it his duty, in gratitude to the author, and for the benefit of Consumptive and Nervous sufferers, to publish the means used.;;; He will, therefore, send free, to any address, on receipt of two stamps, a copy of the work, containing every information required.;;; Address, "" Box 579,"" P. O., Albany, N. Y. no 12 --d&amp;cw3m"	0.9213917255401612
1860-11-12_advert_0123	"An act of gratitude.;;; -- 20,000 Copies of A Medical Book for Gratuitous Circulation.;;; by a sufferer. who has been effectually cured of Nervous Debility, Loss of Memory, and Dimness of Sight, resulting from early errors, by following the instruct one given in a medical work.;;; Considers it his duty, in gratitude to the author.;;; and for the benefit of Consumptive and Nervous sufferers, to publish the means used.;;; He will, therefore, send free, to any address, on receipt of two stamps, a copy of the work, containing every information required.;;; Address, "" Box 579,"" P. O., Albany, N. Y. no 12 --d&amp;cw3m"	0.9213913679122924
1860-12-18_advert_0316	"An act of gratitude.;;; -- 20,000 Copies of A Medical Book for Gratuitous Circulation, by a sufferer, who has been effectually cured of Nervous Debility, Loss of Memory, and Dimness of Sight, resulting from early errors, by to lowing the instructions given in a medical work.;;; Considers it his duty, in gratitude to the author and for the benefit of Consumptive and Nervous sufferers, to publish the means used.;;; He will, therefore, send free, to any address, on receipt of two stamps, a copy of the work, containing every information required.;;; Address, "" Box 579,"" P. O., Albany, N. Y. no 12 --d&amp;cw3m"	0.9213900566101074
1860-11-07_advert_0100	"An act of Gratitude.;;; -- 20,000 Copies of A Medical Book for Gratuitous Circulation, by a sufferer, who has been effectually cured of Nervous Debility, Loss of Memory, and Dimness of Sight, resulting from early errors, by following the instructions given in a medical work.;;; Considers it his duty, in gratitude to the author, and for the benefit of Consumptive and Nervous sufferers, to publish the means used.;;; He will, therefore, send free, to any address, on receipt of two stamps, a copy of the work, containing every information required.;;; Address, "" Box 579,"" P. O., Albany, N. Y. no 12 --d &amp; cw3m"	0.9213899970054626
1860-11-21_advert_0158	"An act of gratitude.;;; -- 20.000 Copies of Medical Book for Gratuitous Circulation, by a sufferer, who has been effectually cured of Nervous Debility, Loss of Memory, and Dimness of Sight, resulting from early errors, by following the instructions given in a medical work.;;; Considers it his duty, in gratitude to the author, and for the benefit of Consumptive and Nervous sufferers, to publish the means used.;;; He will, therefore, send free, to any address, on receipt of two stamps, a copy of the work, containing every information required.;;; Address, "" Box 579,"" P. O., Albany, N. Y. no 12 --d&amp;cw3m"	0.9213847517967224
1860-11-26_advert_0137	"An act of gratitude.;;; -- 20,000 Copies of A Medical Book for Gratuitous Circulation, by a sufferer, who has been effectually cured of Nervous Debility, Loss of Memory, and Dunness of Sight, resulting from early errors, by following the instruct on given in a medical work, Considers it his duty, in gratitude to the author, and for the benefit of Consumptive and Nervous sufferers, to publish the means used.;;; He will, therefore, send free, to any address, on receipt of two stamps, a copy of the work, containing every information required.;;; Address, "" Box 579,"" P. O., Albany, N. Y. no 12 -- &amp;cw3m"	0.9195185303688048
1861-02-11_advert_0476	"An act of gratitude.;;; -- 20,000 Copies of A Medical Book for Gratuitous Circulation, by a Sufferer, who has been effectually cured of Nervous Debility, Less of Memory, and Dimness of Sight, resulting from early errors, by following the instructions given in a medical work.;;; Considers it his duty, in gratitude to the author, and for the benefit of Consumptive and Nervous sufferers, to publish the means used.;;; He will, therefore, send free, to any address, on receipt of two stamps, a copy of the work, containing every information required.;;; Address, "" Box 579,"" P. O., Albany, N. Y. no 12 --d&amp;cw3m"	0.9193888306617736
1861-04-08_advert_0367	To Farmers.;;; -- Negro Shoes.--Farmers and others wanting Negro Shoes are invited to call at No. 93 Main street, where will be found the largest and best assortment ever offered in Richmond.;;; My assortment embraces, 2,000 pairs of heavy Sewed Bregans, of my own make; Men's Army Bregans Men's high-cut do., very thick, nailed with hob nails; Dane 's best thick pegged Bregans; Horick's best thick pegged Erogans; Planters' and Dutch Boots for women, together with all other grades, suitable for servants, men, women and boys.;;; Farmers will do well to give me a call, at No. 92 Main str. [ja 2 ] John C. Pagn, Jr.	0.9157642722129822
1860-12-24_article_0386	To Farmers-- Negro Shoes,;;; --Farmers and others wanting Negro Shoes are invited to call at No. 93 Main street, where will be found the largest and best assortment ever offered in Richmond.;;; My assortment embraces, 2000 pairs of heavy Sewed Brogans, of my own make; Men's Army Brogans; Men's highest do., very thick, nailed with hob nails; Dane 's best thick pegged Brograns; Herrick 's best thick pegged Brogans; Planters' and Dutch Boots for women, together with all other grades, suitable for servants, men, women and boss.;;; Farmers will do well to give me a call, at No. 93 Main st. John C. Page. Jr	0.9072769284248352
1860-12-10_advert_0353	"An act of gratitude.;;; -- 20,000 Copies of A Medical Book for Gratuitous Circulation, by a sufferer, who has been effectually cured of Nervous Debility, Loss of Memory, and Dimness of Sight, resulting from early errors, by following the instructions given in a medical work.;;; Considers it his duty, in gratitude to the author, and for the benefit of Consumptive and Nervous sufferers, to publish the means used.;;; He will, therefore, send free, to any address, on receipt of two stamps, a copy of the work, containing every information required.;;; Address, "" Box 579,"" P. O., Albany, N. Y. no 12 --d&amp;cw3m"	0.9063589572906494
1860-11-29_advert_0149	"An act of gratitude.;;; -- 20,000 Copies of A Medical Book for Gratuitous Circulation, by a sufferer, who has been effectually cured of Nervous Debility, Loss of Memory, and Dimness of Sight, resulting from early errors, by following the instructions given in a medical work.;;; Considers it his duty, in gratitude to the author, and for the benefit of Consumptive and Nervous sufferers, to publish the means used.;;; He will, therefore, send free, to any address, on receipt of two stamps, a copy of the work, containing every information required.;;; Address, "" Box 579,"" P. O., Albany, N. Y. no 12 -- d&amp;cw3m"	0.9062257409095764
1860-11-24_advert_0137	"An Act of gratitude.;;; -- 20,000 Copies of A Medical Book for Gratuitous Circulation, by a sufferer. who has been effectually cured of Nervous Debility, Loss of Memory, and Dimness of Sight, resulting from early errors, by following the instructions given in a medical work.;;; Considers it his duty, in gratitude to the author, and for the benefit of Consumptive and Nervous sufferers, to publish the means used.;;; He will, therefore, send free, to any address, on receipt of two stamps, a copy of the work, containing every information required.;;; Address, "" Box 579,"" P. O., Albany, N. Y. no 12 --d&amp;cw3m"	0.90608549118042
1861-02-06_advert_0001	"An Act of Gratitude.-- 20,000 Copies of A Medical Book for Gratuitous Circulation, by a Sufferer, who has been effectually cured of Nervous Debility, Loss of Memory, and Dimness of Sight, resulting from early errors, by following the instructions given in a medical work.;;; Considers it his duty in gratitude to the author, and for the benefit of Consumptive and Nervous sufferers, to publish the means used.;;; He will, therefore, send free, to any address, on receipt of two stamps, a copy of the work, containing every information required.;;; Address, "" Box 579,"" P. C., Albany,N. Y. no 12 --d &amp;cw3m"	0.9060621857643129
1860-12-06_advert_0218	"An Act of gratitude.;;; -- 20,000 Copies of A Medical Book for Gratuitous Circulation, by a sufferer, who has been effectually cured of Nervous Debility, Loss of Memory, and Dimness of Sight, resulting from early errors, by following the instructions given in a medical work.;;; Considers it his duty, in gratitude to the author, and for the benefit of Consumptive and Nervous sufferers, to publish the means used.;;; He will, therefore, send free, to any address, on receipt of two stamps, a copy of the work, containing every information required.;;; Address, "" Box 579,"" P. O., Albany, N. Y. no 12 --d&amp;cw3m"	0.9060553312301636
1860-12-05_advert_0108	"An act of gratitude.;;; -- 20,000 Copies of A Medical Book for Gratuitous Circulation, by a sufferer, who has been effectually cured of Nervous Debility, Loss of Memory, and Dimness of Sight, resulting from early errors, by following the instructions given in a medical work.;;; Considers it has duty, in gratitude to the author, and for the benefit of Consumptive and Nervous sufferers, to publish the means used.;;; He will, therefore, send free, to any address, on receipt of two stamps, a copy of the work, containing every information required.;;; Address "" Box 579,"" P. O., Albany, N. Y.;;; no 12--d&amp;cw3m"	0.9060419201850892
1860-11-23_advert_0232	"An act of gratitude.;;; -- 20,000 Copies of A Medical Book for Gratuitous Circulation, by a sufferer, who has been effectually cured of Nervous Debility, Loss of Memory, and Dimness of Sight, resulting from early errors, by following the instruct one given in a medical work.;;; Considers it his duty, in gratitude to the author and for the benefit of Consumptive and Nervous sufferers, to publish the means used.;;; He will, therefore, send free, to any address, on receipt of two stamps, a copy of the work, containing every information required.;;; Address, "" Box 579,"" P. O., Albany, N. Y.;;; no 12--d&amp;cw3m"	0.906038224697113
1860-12-01_advert_0320	"An act of gratitude.;;; -- 20,000 Copies of A Medical Book for Gratuitous Circulation, by a sufferer, who has been effectually cured of Nervous Debility, Loss of Memory, and Dimness of Sight, resulting from early errors, by following the instruct one given in a medical work.;;; Considers it his duty, in gratitude to the author, and for the benefit of Consumptive and Nervous sufferers, to publish the means used He will, therefore, send free, to any address, on receipt of two stamps, a copy of the work, containing every information required.;;; Address, "" Box 579,"" P. O., Albany, N. Y. no 12 --d&amp;cw3m"	0.9060104489326476
1860-11-28_advert_0146	"An act of gratitude.;;; -- 20,000 Copies of A Medical Book for Gratuitous Circulation, by a sufferer. who has been effectually cured of Nervous Debility, Loss of Memory, and Dimness of Sight, resulting from early errors, by following the instruct one given in a medical work.;;; Considers it his duty, in gratitude to the author, and for the benefit of Consumptive and Nervous sufferers, to publish the means used.;;; He will, therefore, send free, to any address, on receipt of two stamps, a copy of the work, containing every information required.;;; Address, "" Box 579,"" P. O., Albany, N. Y. no 12 -- d&amp;cw3m"	0.9060088396072388
1861-02-05_article_0455	To Farmers-- Negro Shoes.;;; --Farmers and others wanting Negro Shoes are invited to call at No. 93 Main street, where will be found the largest and best assortment ever offered in Richmond.;;; My assortment embrances, 2,000 pairs of heavy Sewed Brogans, of my own make; Men's Army Brogans; Men's high-cut do., very thick, nailed with hob nails; Dane 's best thick pegged Brograns; Herrick 's best thick pegged Brogans; Planters' and Dutch Boots for women, together with all other grades, suitable for servants, men, women and boys.;;; Farmers will do well to give me a call, at No. 93 Main st. John C. Page, Jr. [ja 2];;; Patent Medicines	0.8989808559417725
